[
    {
        "title": "The Shawshank Redemption",
        "watched": false
    },
    {
        "title": "The Godfather",
        "watched": true
    },
    {
        "title": "The Dark Knight",
        "watched": true
    },
    {
        "title": "The Godfather Part II",
        "watched": true
    },
    {
        "title": "12 Angry Men",
        "watched": false
    },
    {
        "title": "Schindler's List",
        "watched": false
    },
    {
        "title": "The Lord of the Rings: The Return of the King",
        "watched": false
    },
    {
        "title": "Pulp Fiction",
        "watched": true
    },
    {
        "title": "The Lord of the Rings: The Fellowship of the Ring",
        "watched": false
    },
    {
        "title": "The Good, the Bad and the Ugly",
        "watched": true
    },
    {
        "title": "Forrest Gump",
        "watched": false
    },
    {
        "title": "Fight Club",
        "watched": false
    },
    {
        "title": "Inception",
        "watched": false
    },
    {
        "title": "The Lord of the Rings: The Two Towers",
        "watched": false
    },
    {
        "title": "Star Wars: Episode V - The Empire Strikes Back",
        "watched": true
    },
    {
        "title": "The Matrix",
        "watched": true
    },
    {
        "title": "Goodfellas",
        "watched": true
    },
    {
        "title": "One Flew Over the Cuckoo's Nest",
        "watched": false
    },
    {
        "title": "Seven Samurai",
        "watched": false
    },
    {
        "title": "Se7en",
        "watched": true
    },
    {
        "title": "It's a Wonderful Life",
        "watched": false
    },
    {
        "title": "The Silence of the Lambs",
        "watched": true
    },
    {
        "title": "Saving Private Ryan",
        "watched": false
    },
    {
        "title": "City Lights",
        "watched": false
    },
    {
        "title": "Life Is Beautiful",
        "watched": false
    },
    {
        "title": "Interstellar",
        "watched": false
    },
    {
        "title": "The Green Mile",
        "watched": false
    },
    {
        "title": "Star Wars: Episode IV - A New Hope",
        "watched": true
    },
    {
        "title": "Back to the Future",
        "watched": true
    },
    {
        "title": "Spirited Away",
        "watched": false
    },
    {
        "title": "Psycho",
        "watched": true
    },
    {
        "title": "The Pianist",
        "watched": true
    },
    {
        "title": "Leon: The Professional",
        "watched": false
    },
    {
        "title": "Parasite",
        "watched": false
    },
    {
        "title": "Harakiri",
        "watched": false
    },
    {
        "title": "American History X",
        "watched": false
    },
    {
        "title": "Les enfants du paradis",
        "watched": false
    },
    {
        "title": "Gladiator",
        "watched": false
    },
    {
        "title": "Pierrot Le Fou",
        "watched": false
    },
    {
        "title": "The Usual Suspects",
        "watched": true
    },
    {
        "title": "Whiplash",
        "watched": true
    },
    {
        "title": "The Prestige",
        "watched": false
    },
    {
        "title": "Les demoiselles de Rochefort",
        "watched": false
    },
    {
        "title": "Modern Times",
        "watched": true
    },
    {
        "title": "Grave of the Fireflies",
        "watched": false
    },
    {
        "title": "Cinema Paradiso",
        "watched": false
    },
    {
        "title": "Casablanca",
        "watched": false
    },
    {
        "title": "Avengers: Infinity War",
        "watched": true
    },
    {
        "title": "Spider-Man: Into the Spider-Verse",
        "watched": true
    },
    {
        "title": "Your Name.",
        "watched": false
    },
    {
        "title": "Hotaru no haka",
        "watched": false
    },
    {
        "title": "Coco",
        "watched": true
    },
    {
        "title": "Django Unchained",
        "watched": true
    },
    {
        "title": "WALL E",
        "watched": true
    },
    {
        "title": "The Shining",
        "watched": true
    },
    {
        "title": "Princess Mononoke",
        "watched": false
    },
    {
        "title": "Oldboy",
        "watched": false
    },
    {
        "title": "Witness for the Prosecution",
        "watched": false
    },
    {
        "title": "Sunset Blvd.",
        "watched": false
    },
    {
        "title": "Aliens",
        "watched": true
    },
    {
        "title": "Paths of Glory",
        "watched": false
    },
    {
        "title": "Avengers: Endgame",
        "watched": true
    },
    {
        "title": "Dr. Strangelove or: How I Learned to Stop Worrying and Love the Bomb",
        "watched": true
    },
    {
        "title": "Raiders of the Lost Ark",
        "watched": true
    },
    {
        "title": "The Sting",
        "watched": false
    },
    {
        "title": "M",
        "watched": false
    },
    {
        "title": "Joker",
        "watched": true
    },
    {
        "title": "Amadeus",
        "watched": false
    },
    {
        "title": "The Apartment",
        "watched": false
    },
    {
        "title": "Inglourious Basterds",
        "watched": true
    },
    {
        "title": "The Kid",
        "watched": false
    },
    {
        "title": "Full Metal Jacket",
        "watched": false
    },
    {
        "title": "Toy Story",
        "watched": true
    },
    {
        "title": "A Clockwork Orange",
        "watched": true
    },
    {
        "title": "Reservoir Dogs",
        "watched": false
    },
    {
        "title": "Bicycle Thieves",
        "watched": false
    },
    {
        "title": "3 Idiots",
        "watched": false
    },
    {
        "title": "Scarface",
        "watched": true
    },
    {
        "title": "The Hunt",
        "watched": false
    },
    {
        "title": "Come and See",
        "watched": false
    },
    {
        "title": "The Great Dictator",
        "watched": true
    },
    {
        "title": "Snatch",
        "watched": true
    },
    {
        "title": "Taxi Driver",
        "watched": true
    },
    {
        "title": "Vertigo",
        "watched": true
    },
    {
        "title": "Apocalypse Now",
        "watched": true
    },
    {
        "title": "Singin' in the Rain",
        "watched": false
    },
    {
        "title": "Once Upon a Time in the West",
        "watched": false
    },
    {
        "title": "The Wolf of Wall Street",
        "watched": true
    },
    {
        "title": "Batman Begins",
        "watched": true
    },
    {
        "title": "Lock, Stock and Two Smoking Barrels",
        "watched": false
    },
    {
        "title": "Monty Python and the Holy Grail",
        "watched": false
    },
    {
        "title": "The Thing",
        "watched": false
    },
    {
        "title": "Ran",
        "watched": false
    },
    {
        "title": "Blade Runner",
        "watched": true
    },
    {
        "title": "Trainspotting",
        "watched": true
    },
    {
        "title": "Crooks in Clover",
        "watched": false
    },
    {
        "title": "Some Like It Hot",
        "watched": false
    },
    {
        "title": "Yojimbo",
        "watched": false
    },
    {
        "title": "Amelie",
        "watched": true
    },
    {
        "title": "The Deer Hunter",
        "watched": false
    },
    {
        "title": "The Wages of Fear",
        "watched": false
    },
    {
        "title": "Grand Illusion",
        "watched": false
    },
    {
        "title": "Les valseuses",
        "watched": false
    },
    {
        "title": "Room",
        "watched": false
    },
    {
        "title": "Dial M for Murder",
        "watched": false
    },
    {
        "title": "The Third Man",
        "watched": false
    },
    {
        "title": "Lawrence of Arabia",
        "watched": false
    },
    {
        "title": "The Elephant Man",
        "watched": false
    },
    {
        "title": "The Official Story",
        "watched": false
    },
    {
        "title": "The Princess Bride",
        "watched": false
    },
    {
        "title": "The General",
        "watched": false
    },
    {
        "title": "The Battle of Algiers",
        "watched": false
    },
    {
        "title": "Un lugar en el mundo",
        "watched": false
    },
    {
        "title": "The Maltese Falcon",
        "watched": false
    },
    {
        "title": "There Will Be Blood",
        "watched": false
    },
    {
        "title": "Un air de famille",
        "watched": false
    },
    {
        "title": "Network",
        "watched": false
    },
    {
        "title": "The Graduate",
        "watched": false
    },
    {
        "title": "Rebellion in Patagonia",
        "watched": false
    },
    {
        "title": "The French Connection",
        "watched": false
    },
    {
        "title": "Rashomon",
        "watched": false
    },
    {
        "title": "Howl's Moving Castle",
        "watched": false
    },
    {
        "title": "All About Eve",
        "watched": false
    },
    {
        "title": "The Manchurian Candidate",
        "watched": false
    },
    {
        "title": "Life Is a Long Quiet River",
        "watched": false
    },
    {
        "title": "Lugares comunes",
        "watched": false
    },
    {
        "title": "The Nights of Cabiria",
        "watched": false
    },
    {
        "title": "Caballos salvajes",
        "watched": false
    },
    {
        "title": "Rebecca (1940)",
        "watched": false
    },
    {
        "title": "The Gold Rush",
        "watched": false
    },
    {
        "title": "Ben-Hur",
        "watched": false
    },
    {
        "title": "Million Dollar Baby",
        "watched": false
    },
    {
        "title": "Man Facing Southeast",
        "watched": false
    },
    {
        "title": "La noche de los l\u00c3\u00a1pices",
        "watched": false
    },
    {
        "title": "The 400 Blows",
        "watched": false
    },
    {
        "title": "Warrior",
        "watched": false
    },
    {
        "title": "La Haine",
        "watched": false
    },
    {
        "title": "Touch of Evil",
        "watched": false
    },
    {
        "title": "The Grapes of Wrath",
        "watched": false
    },
    {
        "title": "Baby Driver",
        "watched": false
    },
    {
        "title": "Spotlight",
        "watched": false
    },
    {
        "title": "Mad Max: Fury Road",
        "watched": true
    },
    {
        "title": "Memories of Murder",
        "watched": false
    },
    {
        "title": "Arrival",
        "watched": true
    },
    {
        "title": "The Big Sleep",
        "watched": false
    },
    {
        "title": "Kill Bill: Vol. 1",
        "watched": true
    },
    {
        "title": "The Grand Budapest Hotel",
        "watched": true
    },
    {
        "title": "The Help",
        "watched": true
    },
    {
        "title": "Shutter Island",
        "watched": true
    },
    {
        "title": "The Kid (1921)",
        "watched": true
    },
    {
        "title": "Mary and Max",
        "watched": true
    },
    {
        "title": "Stalker",
        "watched": false
    },
    {
        "title": "Dog Day Afternoon",
        "watched": false
    },
    {
        "title": "The Handmaiden",
        "watched": false
    },
    {
        "title": "Dial M for Murder (1981)",
        "watched": false
    },
    {
        "title": "Dead Poets Society",
        "watched": true
    },
    {
        "title": "The Incredibles",
        "watched": true
    },
    {
        "title": "Kiki's Delivery Service",
        "watched": false
    },
    {
        "title": "Into the Wild",
        "watched": true
    },
    {
        "title": "The Thing (2011)",
        "watched": true
    },
    {
        "title": "Almost Famous (2000)",
        "watched": false
    },
    {
        "title": "Wild Strawberries",
        "watched": false
    },
    {
        "title": "The Social Network",
        "watched": true
    },
    {
        "title": "Monsters, Inc.",
        "watched": true
    },
    {
        "title": "Paper Moon",
        "watched": false
    },
    {
        "title": "The Secret in Their Eyes",
        "watched": true
    },
    {
        "title": "The King of Comedy",
        "watched": false
    },
    {
        "title": "A Beautiful Mind",
        "watched": true
    },
    {
        "title": "The Killing",
        "watched": true
    },
    {
        "title": "Incendies",
        "watched": true
    },
    {
        "title": "The Seventh Seal",
        "watched": false
    },
    {
        "title": "The Terminator",
        "watched": true
    },
    {
        "title": "Andrei Rublev",
        "watched": false
    },
    {
        "title": "The Battle of the Sexes",
        "watched": false
    },
    {
        "title": "Gone with the Wind",
        "watched": false
    },
    {
        "title": "Network",
        "watched": true
    },
    {
        "title": "The Big Sleep",
        "watched": true
    },
    {
        "title": "The Princess Bride",
        "watched": true
    },
    {
        "title": "The Lion King",
        "watched": true
    },
    {
        "title": "Stand by Me",
        "watched": true
    },
    {
        "title": "The Sound of Music",
        "watched": false
    },
    {
        "title": "La La Land",
        "watched": true
    },
    {
        "title": "Dangal",
        "watched": false
    },
    {
        "title": "The Sixth Sense",
        "watched": true
    },
    {
        "title": "Ratatouille",
        "watched": true
    },
    {
        "title": "The Father",
        "watched": false
    },
    {
        "title": "Cool Hand Luke",
        "watched": false
    },
    {
        "title": "Paris, Texas",
        "watched": false
    },
    {
        "title": "The Birdcage",
        "watched": true
    },
    {
        "title": "The Umbrellas of Cherbourg",
        "watched": false
    },
    {
        "title": "Before Sunrise",
        "watched": false
    },
    {
        "title": "The Apartment",
        "watched": true
    },
    {
        "title": "The Wolf of Wall Street",
        "watched": true
    },
    {
        "title": "1917",
        "watched": false
    },
    {
        "title": "The Truman Show",
        "watched": true
    },
    {
        "title": "A Wednesday",
        "watched": true
    },
    {
        "title": "The Trial of the Chicago 7",
        "watched": true
    },
    {
        "title": "The Imitation Game",
        "watched": true
    },
    {
        "title": "The Help",
        "watched": true
    },
    {
        "title": "Good Will Hunting",
        "watched": false
    },
    {
        "title": "On the Waterfront",
        "watched": false
    },
    {
        "title": "Shutter Island",
        "watched": true
    },
    {
        "title": "Into the Wild",
        "watched": true
    },
    {
        "title": "The Fugitive",
        "watched": true
    },
    {
        "title": "The Best Years of Our Lives",
        "watched": false
    },
    {
        "title": "Spotlight",
        "watched": true
    },
    {
        "title": "Her",
        "watched": true
    },
    {
        "title": "Inside Out",
        "watched": true
    },
    {
        "title": "Marriage Story",
        "watched": false
    }
]